parent_asin,rating,title_y
B09JG2G5FJ,5,"[2 Pack] Fiber Gummies for Adults and Kids - Prebiotic Fiber Supplement Immune Booster, Digestive Support, Constipation Relief, Gut Health, Vegetarian Formula"
B09GL3RDTD,4,NatureWorks HydroMATE Electrolytes Powder Packets Hydration Accelerator Drink Mix Rapid Party Relief Recovery Vitamin C Orange Citrus 30 Count
B09BYC8LRJ,4,"Monitor Wipes, Pre-Moistened Computer Screen Wipes for Electronics, Computer Monitor Cleaning Wipes for Eyeglasses, Tablets, Camera Lenses, Laptop, Screen Cleaner Wipes for Phones, TV, LCD"
B0B3MBVNDG,4,"JYM Supplement Science Plant Jym Oatmeal Cookie, 2 Lb, Oatmeal Cookie, 2 Pound"
B0B3MBVNDG,4,"JYM Supplement Science Plant Jym Oatmeal Cookie, 2 Lb, Oatmeal Cookie, 2 Pound"
B07TD6QCVN,3,"1Mission Nutrition, Pre Workout Powder, Fat Burning Pre-Workout, Great for Strength, Energy and Pumps (30 Servings, Watermelon Rage)"
B08WWWDBJK,1,"Univera I'MMUNE Aloe Vera 3-in-1 Immune Boost Jelly Stick, Clinically Proven for Immune Support, Digestive, Skin Health, 200:1 Aloe Concentration Supplement, 1 PK, 14 Sticks, Green Grape Apple"
B096LS88T8,4,"Slim Drops - All Natural Diet Supplement - Increase Energy & Focus - Reduce Bloating, Appetite & Cravings - Raspberry Ketone and African Mango Complex for Women (40 Day)"
B08RRFL7PL,5,"Center Pull Spunlace Dry Wipes, 6 Rolls, Multi-Use Hand Towels, Refill For Bucket Wipes To Create Own Cleaning Wipes, Ships Dry Or Use In Center Pull Dispenser Hand Towels"
B095JXWBPS,5,"Gua Sha Facial Tool, Rose Quartz Facial Tool for Scraping and SPA Acupuncture Therapy, Pink Crystal Stone for Facial Body Skin for SPA Acupuncture Therapy Trigger Point Treatment(1PCS)"
B093WHT12C,4,Compostable Cling Wrap (100 ft x 0.47mil (Pack of 1))
B08ZHY6CDV,5,"TINA&TONY Microfiber Spray Mop Replacement Heads 16.5"", Washable Floor Cleaning Pads for Wet/Dry Dust Mops Head Refills Pads Compatible with Bona Floor Care for Kitchen Home Floor Cleaning, 3 Pack"
B093GTXZ52,4,LIFEWORTH Full Spectrum EAA &BCAA 2:1:1 Essential Amino Acids Energy Powder Drink for Men& Women∣Nutrition Supplement∣Muscle Building & Recovery∣Electrolyte Hydration∣Protection & Focus∣ 20 Servings
B08SVZVLMX,4,Dental Floss Picks - 200 Count JIVWOO Biodegradable Floss Picks Not Broken Eco Friendly Health Professional Protects Teeth 200 Count
B08X6QRL3V,4,Ultra Clarity Eyeglass Cleaning Wipes - 30 Pack | Safe for Use on All Coated Lenses and Electonic Screens
B08RHXY9SG,5,"Found Active, Glow for Bright Skin Gummy Dietary Supplement with Biotin, Improves The Appearance of Hair, Skin, & Nails, 1 Pack - 60 Ct"
B08NC99WBZ,5,High Potency Vitamin D3 1000 IU Softgels | 120 Count | 25 mcg Supplement | by Zurich Research
B08P8GC97H,5,Oopee Toilet Room Spray - Odor Eliminator For Strong Odor Room Fresheners - Toilet Spray For Poop Odor Eliminator - Air Fresheners For Home Room Fresheners - Travel Size Bathroom Spray - Sea Salt Scent
B088GW2L9W,4,"GLYTCH Gaming Energy Supplement Powder | Gamer and Esports Drink Mix for Increased Focus, Stamina, Memory, and Processing Speed | Sugar Free with Vitamins (Sucker Punch Flavor - 40 Servings)"
B086VRS6KZ,3,Guerrilla Nine - BCAA Amino Acids - Post Workout Recovery Drink for Men and Women - 30 Servings of Blue Razz Flavor - Muscle Recovery Through Amino9 an Essential Amino Acids EAA Powder
B086VR7DGK,3,Guerrilla Nine - BCAA Amino Acids - Post Workout Recovery Drink for Men and Women - 30 Servings of Strawberry Lemonade Flavor - Muscle Recovery Through Amino9 an Essential Amino Acids EAA Powder
B08FXLZQSP,4,"Kinderlyte Immunity: Immune Support Hydration Supplement, Plant Powered Blend, Electrolyte Drink Mix, Elderberry, Turmeric, Vitamin D3 (Orange Citrus, 16 Count)"
B08VS94K8Y,3,IMWELL Sweet Potato Bar (Pack of 8). Healthy Fitness Snack for Men and Women.
B08RB57JS1,5,SUNERIA 7 in 1 Foam Roller-Medium Density Exercise Deep Tissue Muscle with Muscle Roller Stick and Massage Ball for Muscle Therapy and Balance Exercise
B08GJXJ7T5,4,"Aggressive Labz Behemoth Creatine Power Plexx - Seven Elite Forms of Creatine - Promotes Power, Strength, Size and Explosiveness - 60 Day Supply - Lions Blood Flavor"
B08KFLJCYG,4,"Evridwear Bath Pouf Ball Sponge Shower Bath Mesh Fluffy Full Body Scrub for Foaming Washing Cleansing Spa Exfoliating with 3 Levels Soft to Heavy, one Pack of 3 Colors/Levels"
B08HX74JH6,2,"VivaStix BCAA, Glutamine & Beetroot Powder - Supports Muscle Recovery and Growth |Cherry Limeade Flavor with No Artificial Sweetener & Sugar, Non-GMO & Gluten Free, Keto & Vegan Friendly - 30 Packets"
B07S4QMD1T,2,"Liquid Protein 2Go Hydrolyzed by Aminorip. 26 Grams Protein, 2.5 oz, No Fat, Sugar Free, No Carbs. Ready to Drink. Predigested Hydrolysate Supplement. On The Go. Supports Endurance (Watermelon)"
B08JF6FSWF,4,"Gym Molly After Party with Caffeine 7g BCAA Powder - Workout Drink Supplement for Fitness Recovery | Contains 750 MG Coconut Electrolytes and Zero Carbs, Sugar, or Calories | Blue Raspberry Lemonade"
B07VY7HB21,5,"[150 Pack] Compostable Forks - Disposable Forks - Biodegradable Forks - Plant-Based CPLA - Durable and Heat Resistant Alternative to Plastic Silverware, Cutlery, Utensils"
B08DKFYSX2,4,TECCA 1-2-4 Pack Face Mask Lanyard for Kids or Adults with Adjustable Length Extension with Plastic Rust-Free Clips. Mask Neck Strap or Mask Extender/Ear Saver. Handy and Comfortable Mask Holder
B086Z1X3VR,5,"Natural Konjac Facial Sponge Set, Gentle Exfoliating and Cleansing, Daily Mud Mask Remove, Safe for All Skin Type, 6 Pack, Multicolor"
B08FCSKHL1,3,Inno Supps Natural Vegan BCAAs + EAA
B07ND6RJWR,5,Bad Athletics Dark Chocolate Whey Protein Powder for Women | 100% Grass Fed Whey Protein Isolate | 20g of Naturally Flavored & Sweetened Protein | 30 Servings
B07ZJQ7FHN,5,"Bad Athletics Lemonade BCAAS for Women - Helps Repair and Maintain Lean Muscle Mass, Stimulant Free, Hydration Blend & Scientifically Proven 2:1:1 BCAA Ratio - 30 Servings"
B0839PXB6S,5,"Bad Athletics Limeade BCAAS for Women - Helps Repair and Maintain Lean Muscle Mass, Stimulant Free, Hydration Blend & Scientifically Proven 2:1:1 BCAA Ratio - 30 Servings"
B07VDGHF4H,5,"Premium Collagen Peptides by Ketond — Collagen Peptides for Nails, Hair, Joints and Skin — Unflavored (20 Servings)"
B07NZYCZB2,5,Zep Cleaning Bundle - All Purpose Cleaner & Streak-Free Glass Cleaner
B084RQ6KJX,4,"Hydration Energy Blend by Aminorip. Hydration Supplement with Sodium, Potassium, No Caffeine, 500 mg Electrolytes, 15 Servings, Reduce Muscle Cramps, Increase Energy & Endurance (22 oz, Lemonade)"
B084C1Y9M5,3,"Vital Performance Recover Drink 12 Pack - 24oz Bottles, 8g EAA, 5g BCAA, 20g Collagen per Bottle (BlackBerry Lime)"
B082LYYS3V,4,"Bobo's Nut Butter Protein Bars, Cherry Almond Butter, 2.2 Oz Bar (Pack of 12), Plant Based High Protein Everyday Snack"
B07Z9QG47Y,4,Non-Dairy MCT Oil Creamer by Live Relentless Nutrition — Keto MCT Coffee Creamer Derived from 100% Coconut Oil in Single Use Packets
B07R4BVWJS,4,"ProSupps Mr. Hyde Icon, Intense High Powered Energy, Focus & Pump, Premium Pre-Workout Powder, (20 Servings, Athena Mango Citrus)"
B081B96QCC,4,"Keto Bars - Low Carb, Keto Diet Snacks. Net Carbs Only 3g. Dairy-Free (Vegan), Raw, Gluten-Free. Paleo Friendly. No Sugar Alcohols. No Stevia. 6 Bars Ginger - Nutmeg + 6 Chocolate - Vanilla."
B082SJT4WN,5,"QIELIZI Pill Box and Pill Organizer with Lanyard,Large AM PM Medicine Pill Case 7 Day Travel Pills Box Daily Vitamin Container Fish Oil Holder (Colorful Flower Set)"
B07F23M3GP,2,"Good Idea - Blood Sugar Balance - Subtle Natural Flavors - Drink with Meals - 12 Ounce Cans, 12 Count, Variety Pack"
B0821T8TBG,5,"7,500mg Hemp Infused Stress Away Roll-On Therapeutic Essential Oil Blend of 7,500mg C02 Extracted Hemp, Ylang Ylang, Lavender, Sandalwood Australian, Marjoram Sweet, Peru Balsam (1 Pack)"
B081F2V7NM,5,Pill Case - 2 Pack Portable Travel Medicine and Vitamins Organizer. Small Size BPA Free Daily Medication Carry Box (Purple/Pink)
B07TLWP6YT,5,3 Pcs Foot File Kit Colossal Foot Rasp Double-Sided Foot File Callus Remover Foot Scrub Care Tool
B0821V75ZQ,4,"7,500mg Hemp Infused Lavender Roll-On - 100% Pure, Pre-Diluted Hemp Infused Lavender Roll-On - Therapeutic Grade with many Aromatherapy Benefits (1 Pack)"
B0794698Z1,4,"Multi Collagen Protein Powder, Unflavored (23.7 oz) - Collagen Peptides Protein Powder for Healthy Hair, Skin & Nails - Paleo and Keto Friendly"
B07XVVVB8W,4,"Super Organics Amla (Amalaki) Powder | Organic Superfood Powder | Raw Superfoods | Whole Food Supplement | Good Vitamin C Content – Vegan, Non-GMO & Gluten-Free, 8 oz"
B07W4ZNM2L,5,Folding Anti Sun Rain Umbrella Compact Umbrellas for Rain and Wind Umbrellas (Blue)
B07R3SKKQP,5,ROOVJOY TENS Unit Muscle Stimulator Massager Pain Relief Electronic Device Dual Channels 22 Modes Electrical Therapy Electrodes Tens Machine
B07RF9K6MR,4,"Ultimate Daily Supplement Supports Healthy Digestion, Gut Health for Women and Men, Bloating Relief, 5 Billion Live Probiotics Per Capsule, Replace Chewable Gummies & Prebiotics, 60 Capsules"
B09JG2G5FJ,5,"[2 Pack] Fiber Gummies for Adults and Kids - Prebiotic Fiber Supplement Immune Booster, Digestive Support, Constipation Relief, Gut Health, Vegetarian Formula"
B09GL3RDTD,4,NatureWorks HydroMATE Electrolytes Powder Packets Hydration Accelerator Drink Mix Rapid Party Relief Recovery Vitamin C Orange Citrus 30 Count
B09BYC8LRJ,4,"Monitor Wipes, Pre-Moistened Computer Screen Wipes for Electronics, Computer Monitor Cleaning Wipes for Eyeglasses, Tablets, Camera Lenses, Laptop, Screen Cleaner Wipes for Phones, TV, LCD"
B0B3MBVNDG,4,"JYM Supplement Science Plant Jym Oatmeal Cookie, 2 Lb, Oatmeal Cookie, 2 Pound"
B0B3MBVNDG,4,"JYM Supplement Science Plant Jym Oatmeal Cookie, 2 Lb, Oatmeal Cookie, 2 Pound"
B07TD6QCVN,3,"1Mission Nutrition, Pre Workout Powder, Fat Burning Pre-Workout, Great for Strength, Energy and Pumps (30 Servings, Watermelon Rage)"
B08WWWDBJK,1,"Univera I'MMUNE Aloe Vera 3-in-1 Immune Boost Jelly Stick, Clinically Proven for Immune Support, Digestive, Skin Health, 200:1 Aloe Concentration Supplement, 1 PK, 14 Sticks, Green Grape Apple"
B096LS88T8,4,"Slim Drops - All Natural Diet Supplement - Increase Energy & Focus - Reduce Bloating, Appetite & Cravings - Raspberry Ketone and African Mango Complex for Women (40 Day)"
B08RRFL7PL,5,"Center Pull Spunlace Dry Wipes, 6 Rolls, Multi-Use Hand Towels, Refill For Bucket Wipes To Create Own Cleaning Wipes, Ships Dry Or Use In Center Pull Dispenser Hand Towels"
B095JXWBPS,5,"Gua Sha Facial Tool, Rose Quartz Facial Tool for Scraping and SPA Acupuncture Therapy, Pink Crystal Stone for Facial Body Skin for SPA Acupuncture Therapy Trigger Point Treatment(1PCS)"
B093WHT12C,4,Compostable Cling Wrap (100 ft x 0.47mil (Pack of 1))
B08ZHY6CDV,5,"TINA&TONY Microfiber Spray Mop Replacement Heads 16.5"", Washable Floor Cleaning Pads for Wet/Dry Dust Mops Head Refills Pads Compatible with Bona Floor Care for Kitchen Home Floor Cleaning, 3 Pack"
B093GTXZ52,4,LIFEWORTH Full Spectrum EAA &BCAA 2:1:1 Essential Amino Acids Energy Powder Drink for Men& Women∣Nutrition Supplement∣Muscle Building & Recovery∣Electrolyte Hydration∣Protection & Focus∣ 20 Servings
B08SVZVLMX,4,Dental Floss Picks - 200 Count JIVWOO Biodegradable Floss Picks Not Broken Eco Friendly Health Professional Protects Teeth 200 Count
B08X6QRL3V,4,Ultra Clarity Eyeglass Cleaning Wipes - 30 Pack | Safe for Use on All Coated Lenses and Electonic Screens
B08RHXY9SG,5,"Found Active, Glow for Bright Skin Gummy Dietary Supplement with Biotin, Improves The Appearance of Hair, Skin, & Nails, 1 Pack - 60 Ct"
B08NC99WBZ,5,High Potency Vitamin D3 1000 IU Softgels | 120 Count | 25 mcg Supplement | by Zurich Research
B08P8GC97H,5,Oopee Toilet Room Spray - Odor Eliminator For Strong Odor Room Fresheners - Toilet Spray For Poop Odor Eliminator - Air Fresheners For Home Room Fresheners - Travel Size Bathroom Spray - Sea Salt Scent
B088GW2L9W,4,"GLYTCH Gaming Energy Supplement Powder | Gamer and Esports Drink Mix for Increased Focus, Stamina, Memory, and Processing Speed | Sugar Free with Vitamins (Sucker Punch Flavor - 40 Servings)"
B086VRS6KZ,3,Guerrilla Nine - BCAA Amino Acids - Post Workout Recovery Drink for Men and Women - 30 Servings of Blue Razz Flavor - Muscle Recovery Through Amino9 an Essential Amino Acids EAA Powder
B086VR7DGK,3,Guerrilla Nine - BCAA Amino Acids - Post Workout Recovery Drink for Men and Women - 30 Servings of Strawberry Lemonade Flavor - Muscle Recovery Through Amino9 an Essential Amino Acids EAA Powder
B08FXLZQSP,4,"Kinderlyte Immunity: Immune Support Hydration Supplement, Plant Powered Blend, Electrolyte Drink Mix, Elderberry, Turmeric, Vitamin D3 (Orange Citrus, 16 Count)"
B08VS94K8Y,3,IMWELL Sweet Potato Bar (Pack of 8). Healthy Fitness Snack for Men and Women.
B08RB57JS1,5,SUNERIA 7 in 1 Foam Roller-Medium Density Exercise Deep Tissue Muscle with Muscle Roller Stick and Massage Ball for Muscle Therapy and Balance Exercise
B08GJXJ7T5,4,"Aggressive Labz Behemoth Creatine Power Plexx - Seven Elite Forms of Creatine - Promotes Power, Strength, Size and Explosiveness - 60 Day Supply - Lions Blood Flavor"
B08KFLJCYG,4,"Evridwear Bath Pouf Ball Sponge Shower Bath Mesh Fluffy Full Body Scrub for Foaming Washing Cleansing Spa Exfoliating with 3 Levels Soft to Heavy, one Pack of 3 Colors/Levels"
B08HX74JH6,2,"VivaStix BCAA, Glutamine & Beetroot Powder - Supports Muscle Recovery and Growth |Cherry Limeade Flavor with No Artificial Sweetener & Sugar, Non-GMO & Gluten Free, Keto & Vegan Friendly - 30 Packets"
B07S4QMD1T,2,"Liquid Protein 2Go Hydrolyzed by Aminorip. 26 Grams Protein, 2.5 oz, No Fat, Sugar Free, No Carbs. Ready to Drink. Predigested Hydrolysate Supplement. On The Go. Supports Endurance (Watermelon)"
B08JF6FSWF,4,"Gym Molly After Party with Caffeine 7g BCAA Powder - Workout Drink Supplement for Fitness Recovery | Contains 750 MG Coconut Electrolytes and Zero Carbs, Sugar, or Calories | Blue Raspberry Lemonade"
B07VY7HB21,5,"[150 Pack] Compostable Forks - Disposable Forks - Biodegradable Forks - Plant-Based CPLA - Durable and Heat Resistant Alternative to Plastic Silverware, Cutlery, Utensils"
B08DKFYSX2,4,TECCA 1-2-4 Pack Face Mask Lanyard for Kids or Adults with Adjustable Length Extension with Plastic Rust-Free Clips. Mask Neck Strap or Mask Extender/Ear Saver. Handy and Comfortable Mask Holder
B086Z1X3VR,5,"Natural Konjac Facial Sponge Set, Gentle Exfoliating and Cleansing, Daily Mud Mask Remove, Safe for All Skin Type, 6 Pack, Multicolor"
B08FCSKHL1,3,Inno Supps Natural Vegan BCAAs + EAA
B07ND6RJWR,5,Bad Athletics Dark Chocolate Whey Protein Powder for Women | 100% Grass Fed Whey Protein Isolate | 20g of Naturally Flavored & Sweetened Protein | 30 Servings
B07ZJQ7FHN,5,"Bad Athletics Lemonade BCAAS for Women - Helps Repair and Maintain Lean Muscle Mass, Stimulant Free, Hydration Blend & Scientifically Proven 2:1:1 BCAA Ratio - 30 Servings"
B0839PXB6S,5,"Bad Athletics Limeade BCAAS for Women - Helps Repair and Maintain Lean Muscle Mass, Stimulant Free, Hydration Blend & Scientifically Proven 2:1:1 BCAA Ratio - 30 Servings"
B09JG2G5FJ,5,"[2 Pack] Fiber Gummies for Adults and Kids - Prebiotic Fiber Supplement Immune Booster, Digestive Support, Constipation Relief, Gut Health, Vegetarian Formula"
B09GL3RDTD,4,NatureWorks HydroMATE Electrolytes Powder Packets Hydration Accelerator Drink Mix Rapid Party Relief Recovery Vitamin C Orange Citrus 30 Count
B09BYC8LRJ,4,"Monitor Wipes, Pre-Moistened Computer Screen Wipes for Electronics, Computer Monitor Cleaning Wipes for Eyeglasses, Tablets, Camera Lenses, Laptop, Screen Cleaner Wipes for Phones, TV, LCD"
B0B3MBVNDG,4,"JYM Supplement Science Plant Jym Oatmeal Cookie, 2 Lb, Oatmeal Cookie, 2 Pound"
B0B3MBVNDG,4,"JYM Supplement Science Plant Jym Oatmeal Cookie, 2 Lb, Oatmeal Cookie, 2 Pound"
B07TD6QCVN,3,"1Mission Nutrition, Pre Workout Powder, Fat Burning Pre-Workout, Great for Strength, Energy and Pumps (30 Servings, Watermelon Rage)"
B08WWWDBJK,1,"Univera I'MMUNE Aloe Vera 3-in-1 Immune Boost Jelly Stick, Clinically Proven for Immune Support, Digestive, Skin Health, 200:1 Aloe Concentration Supplement, 1 PK, 14 Sticks, Green Grape Apple"
B096LS88T8,4,"Slim Drops - All Natural Diet Supplement - Increase Energy & Focus - Reduce Bloating, Appetite & Cravings - Raspberry Ketone and African Mango Complex for Women (40 Day)"
B08RRFL7PL,5,"Center Pull Spunlace Dry Wipes, 6 Rolls, Multi-Use Hand Towels, Refill For Bucket Wipes To Create Own Cleaning Wipes, Ships Dry Or Use In Center Pull Dispenser Hand Towels"
B095JXWBPS,5,"Gua Sha Facial Tool, Rose Quartz Facial Tool for Scraping and SPA Acupuncture Therapy, Pink Crystal Stone for Facial Body Skin for SPA Acupuncture Therapy Trigger Point Treatment(1PCS)"
B093WHT12C,4,Compostable Cling Wrap (100 ft x 0.47mil (Pack of 1))
B08ZHY6CDV,5,"TINA&TONY Microfiber Spray Mop Replacement Heads 16.5"", Washable Floor Cleaning Pads for Wet/Dry Dust Mops Head Refills Pads Compatible with Bona Floor Care for Kitchen Home Floor Cleaning, 3 Pack"
B093GTXZ52,4,LIFEWORTH Full Spectrum EAA &BCAA 2:1:1 Essential Amino Acids Energy Powder Drink for Men& Women∣Nutrition Supplement∣Muscle Building & Recovery∣Electrolyte Hydration∣Protection & Focus∣ 20 Servings
B08SVZVLMX,4,Dental Floss Picks - 200 Count JIVWOO Biodegradable Floss Picks Not Broken Eco Friendly Health Professional Protects Teeth 200 Count
B08X6QRL3V,4,Ultra Clarity Eyeglass Cleaning Wipes - 30 Pack | Safe for Use on All Coated Lenses and Electonic Screens
B08RHXY9SG,5,"Found Active, Glow for Bright Skin Gummy Dietary Supplement with Biotin, Improves The Appearance of Hair, Skin, & Nails, 1 Pack - 60 Ct"
B08NC99WBZ,5,High Potency Vitamin D3 1000 IU Softgels | 120 Count | 25 mcg Supplement | by Zurich Research
B08P8GC97H,5,Oopee Toilet Room Spray - Odor Eliminator For Strong Odor Room Fresheners - Toilet Spray For Poop Odor Eliminator - Air Fresheners For Home Room Fresheners - Travel Size Bathroom Spray - Sea Salt Scent
B088GW2L9W,4,"GLYTCH Gaming Energy Supplement Powder | Gamer and Esports Drink Mix for Increased Focus, Stamina, Memory, and Processing Speed | Sugar Free with Vitamins (Sucker Punch Flavor - 40 Servings)"
B086VRS6KZ,3,Guerrilla Nine - BCAA Amino Acids - Post Workout Recovery Drink for Men and Women - 30 Servings of Blue Razz Flavor - Muscle Recovery Through Amino9 an Essential Amino Acids EAA Powder
B086VR7DGK,3,Guerrilla Nine - BCAA Amino Acids - Post Workout Recovery Drink for Men and Women - 30 Servings of Strawberry Lemonade Flavor - Muscle Recovery Through Amino9 an Essential Amino Acids EAA Powder
B08FXLZQSP,4,"Kinderlyte Immunity: Immune Support Hydration Supplement, Plant Powered Blend, Electrolyte Drink Mix, Elderberry, Turmeric, Vitamin D3 (Orange Citrus, 16 Count)"
B08VS94K8Y,3,IMWELL Sweet Potato Bar (Pack of 8). Healthy Fitness Snack for Men and Women.
B08RB57JS1,5,SUNERIA 7 in 1 Foam Roller-Medium Density Exercise Deep Tissue Muscle with Muscle Roller Stick and Massage Ball for Muscle Therapy and Balance Exercise
B08GJXJ7T5,4,"Aggressive Labz Behemoth Creatine Power Plexx - Seven Elite Forms of Creatine - Promotes Power, Strength, Size and Explosiveness - 60 Day Supply - Lions Blood Flavor"
B08KFLJCYG,4,"Evridwear Bath Pouf Ball Sponge Shower Bath Mesh Fluffy Full Body Scrub for Foaming Washing Cleansing Spa Exfoliating with 3 Levels Soft to Heavy, one Pack of 3 Colors/Levels"
B08HX74JH6,2,"VivaStix BCAA, Glutamine & Beetroot Powder - Supports Muscle Recovery and Growth |Cherry Limeade Flavor with No Artificial Sweetener & Sugar, Non-GMO & Gluten Free, Keto & Vegan Friendly - 30 Packets"
B07S4QMD1T,2,"Liquid Protein 2Go Hydrolyzed by Aminorip. 26 Grams Protein, 2.5 oz, No Fat, Sugar Free, No Carbs. Ready to Drink. Predigested Hydrolysate Supplement. On The Go. Supports Endurance (Watermelon)"
B08JF6FSWF,4,"Gym Molly After Party with Caffeine 7g BCAA Powder - Workout Drink Supplement for Fitness Recovery | Contains 750 MG Coconut Electrolytes and Zero Carbs, Sugar, or Calories | Blue Raspberry Lemonade"
B07VY7HB21,5,"[150 Pack] Compostable Forks - Disposable Forks - Biodegradable Forks - Plant-Based CPLA - Durable and Heat Resistant Alternative to Plastic Silverware, Cutlery, Utensils"
B08DKFYSX2,4,TECCA 1-2-4 Pack Face Mask Lanyard for Kids or Adults with Adjustable Length Extension with Plastic Rust-Free Clips. Mask Neck Strap or Mask Extender/Ear Saver. Handy and Comfortable Mask Holder
B086Z1X3VR,5,"Natural Konjac Facial Sponge Set, Gentle Exfoliating and Cleansing, Daily Mud Mask Remove, Safe for All Skin Type, 6 Pack, Multicolor"
B08FCSKHL1,3,Inno Supps Natural Vegan BCAAs + EAA
B07ND6RJWR,5,Bad Athletics Dark Chocolate Whey Protein Powder for Women | 100% Grass Fed Whey Protein Isolate | 20g of Naturally Flavored & Sweetened Protein | 30 Servings
B07ZJQ7FHN,5,"Bad Athletics Lemonade BCAAS for Women - Helps Repair and Maintain Lean Muscle Mass, Stimulant Free, Hydration Blend & Scientifically Proven 2:1:1 BCAA Ratio - 30 Servings"
B0839PXB6S,5,"Bad Athletics Limeade BCAAS for Women - Helps Repair and Maintain Lean Muscle Mass, Stimulant Free, Hydration Blend & Scientifically Proven 2:1:1 BCAA Ratio - 30 Servings"
